full_text,corpus
Tak sedikit yang heran terhadap pria asing asal India itu lantaran mengendarai mobil mewah tetapi membeli bensin eceran di toko kelontong Pertalite pula. Baca berita menarik lainnya hanya di https://t.co/7MjhJrJbpJ! Creator: Wid #detikcom #wnadibali #turisdibali #canggu https://t.co/55E1kBTCx9,taksedikityangheranterhadappriaasingasalindiaitulantaranmengendaraimobilmewahtetapimembelibensineceranditokokelontongpertalitepulabacaberitamenariklainnyahanyadihttpstco7mjhjrjbpjcreatorwiddetikcomwnadibaliturisdibalicangguhttpstco55e1kbtcx9
Kabid Humas Polda Bali Kombes Jansen Avitus Panjaitan mengatakan setelah diberi hukuman berupa teguran dan pemahaman mengenai aturan lalu lintas WNA tersebut kembali melanjutkan perjalanan. #wna #wnadibali #wnabali #tilang #polisibali #helm #sunsetroad #kutabali #kuta #bali,kabidhumaspoldabalikombesjansenavituspanjaitanmengatakansetelahdiberihukumanberupategurandanpemahamanmengenaiaturanlalulintaswnatersebutkembalimelanjutkanperjalananwarga negara asingwnadibaliwnabalitilangpolisibalihelmsunsetroadkutabalikutabali
Besok baca liputan kami di @hariankompas ya kawans. Mau koran mau https://t.co/kE4X092PnQ silakan pilih sesuai selera. #wnadibali #illegalforeignworkers,besokbacaliputankamidihariankompasyakawansmaukoranmauhttpstcoke4x092pnqsilakanpilihsesuaiselerawnadibaliillegalforeignworkers
Pelaku menyerang korban di sebuah Kafe di Denpasar Selatan. Dengan menggunakan pisau WNA itu melukai kaki kiri dari korbannya. #WNAdiBali #Bali #Denpasar https://t.co/NbqaKZYQx2,pelakumenyerangkorbandisebuahkafedidenpasarselatandenganmenggunakanpisauwnaitumelukaikakikiridarikorbannyawnadibalibalidenpasarhttpstconbqakzyqx2
tribunnews: Tanggapi maraknya kasus turis nakal . Kemenkumham Bali mengaku sudah tindak 76 WNA nakal sejak Januari lalu total sudah 20 warga Rusia dideportasi #Kemenkumhan #WNAdiBali #Rusia #TurisdiBali https://t.co/OWIY88OuX5,tribunnewstanggapimaraknyakasusturisnakalkemenkumhambalimengakusudahtindak76wnanakalsejakjanuarilalutotalsudah20wargarusiadideportasikemenkumhanwnadibalirusiaturisdibalihttpstcoowiy88oux5
Tanggapi maraknya kasus turis nakal . Kemenkumham Bali mengaku sudah tindak 76 WNA nakal sejak Januari lalu total sudah 20 warga Rusia dideportasi #Kemenkumhan #WNAdiBali #Rusia #TurisdiBali https://t.co/a1PWBp43rb,tanggapimaraknyakasusturisnakalkemenkumhambalimengakusudahtindak76wnanakalsejakjanuarilalutotalsudah20wargarusiadideportasikemenkumhanwnadibalirusiaturisdibalihttpstcoa1pwbp43rb
Sebelumnya #WNA Tanzania itu diamankan oleh Satpol PP Pemkab #Gianyar #Bali karena ditemukan dalam kondisi terlantar. #model #wisatabali #WNAdiBali https://t.co/53ef0NKJXZ,sebelumnyawnatanzaniaitudiamankanolehsatpolpemkabgianyarbalikarenaditemukandalamkondisiterlantarmodelwisatabaliwnadibalihttpstco53ef0nkjxz
Disepong Istri Orang Tog3e Gaya 69 https://t.co/YdIPJBABXn Laras Bali Viral Full Lengkap 72 https://t.co/hEdpRJMMmF Ngntot Pacar Bule Bali T0ket G3de https://t.co/akMsHvRu5D Saya Darla Toutuber Viral 4 https://t.co/TIqmOQ9JX2,disepongistriorangtog3egaya69httpstcoydipjbabxnlarasbaliviralfulllengkap72httpstcohedprjmmmfngntotpacarbulebalit0ketg3dehttpstcoakmshvru5dsayadarlatoutuberviral4httpstcotiqmoq9jx2
Video bule diduga melakukan aksi perusakan sebuah rumah milik warga di Kabupaten Gianyar Bali viral di media sosial. Bule asal Alaska tersebut kesal lantaran kesal tak diizinkan memperpanjang kontrak rumah. PAA #Bule #Bali #SeputariNewsPagi #SeputariNewsRCTI https://t.co/tz1PDK7otd,videobuledidugamelakukanaksiperusakansebuahrumahmilikwargadikabupatengianyarbaliviraldimediasosialbuleasalalaskatersebutkesallantarankesaltakdiizinkanmemperpanjangkontrakrumahpaabulebaliseputarinewspagiseputarinewsrctihttpstcotz1pdk7otd
cari pasangan buat swab sex kalo bisa bule #openbo #bobali #pasutribali #bulebali #partner #availbali #openbobali #3some #3somebali,caripasanganbuatswabsexkalaubisabuleopenbobobalipasutribalibulebalipartneravailbaliopenbobalithreesome3somebali
@neverens bule Bali anjayy ,neverensbulebalianjayy
@cookieraggi Bener sih ini potong rambut langsung jadi vibe bule Bali yang seneng surfing.. https://t.co/C2eWXm2SBT,cookieraggibenersihinipotongrambutlangsungjadivibebulebaliyangsenangsurfinghttpstcoc2ewxm2sbt
@NyaiiBubu ini bule bali nir akhlak yaa,nyaiibubuinibulebalinirakhlakya
pov bule bali 40 hari gapunya uang,povbulebali40haritidak punyauang
POV Ng3we Bule Bali CR00T Dalam https://t.co/j9mK7MeIg5 ABG SMA 0mek Masih Pakai Seragam https://t.co/ZER3Hilhx4 siska ABG cantik ketagihan kentu https://t.co/56xWOtyj8G DiGangb4n9 om2 1 https://t.co/XY8P4hE2gO,povng3webulebalicr00tdalamhttpstcoj9mk7meig5abgsma0mekmasihpakaiseragamhttpstcozer3hilhx4siskaabgcantikketagihankentuhttpstco56xwotyj8gdigangb4n9om om1httpstcoxy8p4he2go
@jadelotus_rs aku mau ikut seger bet keknya kalo ada penampakan bule Bali China,jadelotusrsakumauikutsegarbangetsepertinyakalauadapenampakanbulebalichina
Guys kalian tau gak di tiktok konten driver ojol jemput bule bali seru dah okay miss isokey miss,guyskaliantautidakditiktokkontendriverojek onlinejemputbulebaliserusudahokmissisokeymiss
WOI BISA BISANYA aku pernah mikirin osc bule bali pls,woibisabisanyaakupernahmemikirkanoscbulebalitolong
main bumble nyangkut bule bali mulu. mas2 jawa gw swipe right gapernah match anjir ,mainbumblemenyangkutbulebalimulumas masjawagueswiperighttidak pernahmatchanjir
@Gingerbreadths SO SPECIFIC dialah bule bali Ubud yang deket sama Bli dan Gek lokal,gingerbreadthssospecificdialahbulebaliubudyangdekatsamablidangeklokal
lagi belajar https://t.co/TW387wKXc4 POV Ng3we Bule Bali CR00T Dalam https://t.co/oqTkGnUs41 Skandal mahasiswi cantik kirim video bugil ke dosen pembimbing https://t.co/Jrs1erIPU2 Enak Gak Bang TT Nya https://t.co/dukkyAv0Bw,lagibelajarhttpstcotw387wkxc4povng3webulebalicr00tdalamhttpstcooqtkgnus41skandalmahasiswicantikkirimvideobugilkedosenpembimbinghttpstcojrs1eripu2enakgakbangttnyahttpstcodukkyav0bw
ngeri liat bule bali bawa motor ufh kyk nyawanya ada 9,ngerilihatbulebalibawamotorufhkayaknyawanyaada9
@lumpia24k @el_jastip @_NeverAlonely bule bali mah emang makin gk bisa di nalar ada sajen dimakan kenthu di gunung yg dianggap suci orang bali saat nyepi malah bikin tenda di pantai naik motor berasa jadi VR46 udah gitu cuma pake kolor pula,lumpia24keljastipneveralonelybulebaliadalahmemangmakintidakbisadinalaradasajendimakankenthudigunungyangdianggapsuciorangbalisaatnyepimalahbikintendadipantainaikmotorberasajadivr46sudahbegitucumapakaikolorpula
Legalitas itu... nilai Universalnya besar. Gak memilih China Bule Bali Dayak dst.. Islam Kristen Bencong Ayam kek Bebek kek. Tua muda dan anak-anak ... itu namanya Universal.,legalitasitunilaiuniversalnyabesargakmemilihchinabulebalidayakdan seterusnyaislamkristenbencongayamkayakbebekkayaktuamudadananakanakitunamanyauniversal
Konten bau ketek di temlen teenyata udah nyampe di tiktok haha bule bali bau udah mau jd pandemi https://t.co/J1jZt8gZr4,kontenbauketekdilini masateenyatasudahsampaiditiktokhahabulebalibausudahmaujadipandemihttpstcoj1jzt8gzr4
Wkwkkwkw lama lama bukan mustahil jadi bule bule bali aja atau jadi Diego Michiles atau Spaso ~,wkwkkwkwlamalamabukanmustahiljadibulebulebalisajaataujadidiegomichilesatauspaso
@__ditsss @tvindonesiawkwk Wanjerr belanjanya bule bali,ditstvindonesiawkwkwanjerrbelanjanyabulebali
@toe_giman Bule? Bali? Ya udahlah biarin. Tau kan ya.,toegimanbulebaliyasudahlahbiarkantaukanya
LABILASA X BESTIE DIPESEN BULE BALI. DIOBOK2 BANGET GAK TUHH https://t.co/2SCTlyefk5 https://t.co/gbZAESEqSY https://t.co/cIIq856VFL,labilasaxbestiedipesenbulebalidiobok2bangetgaktuhhhttpstco2sctlyefk5httpstcogbzaeseqsyhttpstcociiq856vfl
Warga Jerman Hendry Bruno Torper ditetapkan tersangka setelah ditangkap Polresta Denpasar dan Polsek Kuta Sabtu 15 Juni 2024. https://t.co/eFrSV6u8vx #Jerman #Bule #buleBali #BuleUgalUgalan #Bali,wargajermanhendrybrunotorperditetapkantersangkasetelahditangkappolrestadenpasardanpolsekkutasabtu15juni2024httpstcoefrsv6u8vxjermanbulebulebalibuleugalugalanbali
@jojoklauz YaAllah semoga dengan barang' korban semua yang rusak bisa cepat terganti dan syukur ya ga ada yg luka ko bule' bali sekarang makin gragas ya :((,jojoklauzyaallahsemogadenganbarangkorbansemuayangrusakbisacepattergantidansyukuryatidakadayanglukakokbulebalisekarangmakingragasya
Lagi-lagi seorang bule menjadi sorotan di media sosial karena tingkah lakunya yang nyeleneh. Kali ini seorang bule pria terlihat merendam mukanya di dalam panci bunga di Restoran Apurva Kempinski Bali. #bule #bali#kempinskibali https://t.co/Q6khSdr5JB,lagilagiseorangbulemenjadisorotandimediasosialkarenatingkahlakunyayangnyelenehkaliiniseorangbulepriaterlihatmerendammukanyadidalampancibungadirestoranapurvakempinskibalibulebalikempinskibalihttpstcoq6khsdr5jb
Remember bule rata-rata kriminil (bule bali),rememberbulerataratakriminilbulebali
@bakpaobeku OK ANJAI gini dongz ntar aq kasi bule bali mw?,bakpaobekuokanjaibeginidongznantiakukasihbulebalimw
Nathan coba kamu di sana motoran terus gak pake baju ugal ugalan dan gak pake helm. Niscaya kamu tidak akan terdeteksi dan jadi kayak bule Bali pada umumnya.,nathancobakamudisanamotoranterustidakpakaibajuugalugalandantidakpakaihelmniscayakamutidakakanterdeteksidanjadikayakbulebalipadaumumnya
Mantep Punya Bini Montok Gini https://t.co/aMybQIlpAR Masih SMA Jago C0lm3knya https://t.co/cW5G2EEeIL Ng3we Pacar Bule Bali Susu Gede https://t.co/k7x4SM4oc1 Abg cantik pamer aset keindahannya di rumah https://t.co/Qin9KvYjWw,manteppunyabinimontokginihttpstcoamybqilparmasihsmajagoc0lm3knyahttpstcocw5g2eeeilng3wepacarbulebalisusugedehttpstcok7x4sm4oc1abgcantikpamerasetkeindahannyadirumahhttpstcoqin9kvyjww
@mademwoiselle bule bali banyak,mademwoisellebulebalibanyak
bule batak sama bule bali ,bulebataksamabulebali
Seorang bule memukuli pengendara motor wanita di kawasan Kuta Bali. Lokasi tepatnya di Jalan Imam Bonjol Kecamatan Kuta Badung Bali. POT #inewspagi #inews #berita #beritaterkini #news #videoviral #WNA #bule #bali https://t.co/McZf7KYiAS,seorangbulememukulipengendaramotorwanitadikawasankutabalilokasitepatnyadijalanimambonjolkecamatankutabadungbalipotinewspagiinewsberitaberita kininewsvideoviralwnabulebalihttpstcomczf7kyias
oh gitu ya ajg standar ganda penyepong bule dewa2in aja tuh bule bali bali makin rusak ya gegara mrka2 ini rasis ke org luar kota yg bkn dari bali tanpa kunjungan org luar bali pas pandemi juga udh dimiskin bangkrut lu pada jing fakta byk org bali pada zionist islamophobic,ohbegituyaanjingstandargandapenyepongbuledewa2insajaitubulebalibalimakinrusakyagara garamrka2iniracistkeorangluarkotayangbukandaribalitanpakunjunganorangluarbalipaspandemijugasudahdimiskinbangkrutkamupadaanjingfaktabanyakorangbalipadazionisislamophobic
C0lm3k Masih Pake Seragam SMA https://t.co/hGKtOFpYWj B0Kep B0c1L Jilbab Masih Sempit Banget https://t.co/W3LHU3kKCm Salina Hijab Full Video Koleksi 23 https://t.co/cO4II0kVA7 Ng3we Pacar Bule Bali Susu Gede https://t.co/xFhLuib7Zc,c0lm3kmasihpakeseragamsmahttpstcohgktofpywjb0kepb0c1ljilbabmasihsempitbangethttpstcow3lhu3kkcmsalinahijabfullvideokoleksi23httpstcoco4ii0kva7ng3wepacarbulebalisusugedehttpstcoxfhluib7zc
@lovingsihyeon aku mau jastip bule bali boleh ga? * req yg kaya jake,lovingsihyeonakumaujastipbulebalibolehtidakrequestyangkayakjake
Kalo sama bule beda gini responmu KONTOL? Memang dibayar buat menjilat bule-bule bali biar tetap rame tuh daerah kah?? https://t.co/ffwOKfHlsq,kalosamabulebedabeginiresponmukontolmemangdibayarbuatmenjilatbulebulebalibiartetapramaiitudaerahkahhttpstcoffwokfhlsq
bonon beneran kek bule bali jir,bononbenarankayakbulebalijir
bule bali pasti suka,bulebalipastisuka
Dan makin pnasaran gimana caranya bikin manusia di luar Indonesia yang punya background subspesialistik mau kerja di Indonesia apalagi mendadak dan gak jelas bgitu hahahhah Yang ada bule bali ngaku2 profesor ikut keciduk Embuh wes,danmakinpnasaranbagaimanacaranyabikinmanusiadiluarindonesiayangpunyabackgroundsubspesialistikmaukerjadiindonesiaapalagimendadakdantidakjelasbegituhahahhahyangadabulebalimengakuprofesorikuttercidukembuhsudah
@SekteAxis Pendapatan bali adalah pariwisata. Pembawa uang besar pariwisata kebetulan bule. Bali memperlakukan customer dengan baik kok dibilang anggap kasta tinggi. Oon nih,sekteaxispendapatanbaliadalahpariwisatapembawauangbesarpariwisatakebetulanbulebalimemperlakukancustomerdenganbaikkokdibilanganggapkastatinggioonnih
Sobat RRI kalian tau tentang kasus bule yang bawa kabur truk di Bali? Cek video untuk selengkapnya: https://t.co/g4IFlTILE7 Kode Visual: MG/TMS #bulebali #buletruk #bulekabur https://t.co/LlqpX1G2My,sobatrrikaliantautentangkasusbuleyangbawakaburtrukdibalicekvideountukselengkapnyahttpstcog4ifltile7kodevisualmgtmsbulebalibuletrukbulekaburhttpstcollqpx1g2my
Ng3we Pacar Bule Bali Susu Gede https://t.co/pM3bb5jz7D Siswi SMA ngambil nilai tambahan sama 9urunya malah di https://t.co/KySy9WIrzH Pulang sekolah dipake rame rame https://t.co/Q8IzglsEJv Miss Kay C0lm3k Bikin San9e https://t.co/AC2ciH9t8E,ng3wepacarbulebalisusugedehttpstcopm3bb5jz7dsiswismamengambilnilaitambahansama9urunyamalahdihttpstcokysy9wirzhpulangsekolahdipakairamairamaihttpstcoq8izglsejvmisskayc0lm3kbikinsan9ehttpstcoac2cih9t8e
HAHAHA BULE BALI BANGET ABANG,hahahabulebalibangetabang
Panya T0ket G3de Desah Colok meM3k ‚Äç https://t.co/ZzhpBAi7PW BO Mahasiswi Cantik Tog3e Jago Ny3pong ‚Äç https://t.co/WUuud9LFwv Ngntot Pacar Bule Bali T0ket G3de ‚Äç https://t.co/XWY8AzDMBu Syakirah Viral Part 8 Full Video ‚Äç https://t.co/BOiKgxVSJu,panyat0ketg3dedesahcolokmem3k httpstcozzhpbai7pwbomahasiswicantiktog3ejagony3pong httpstcowuuud9lfwvngntotpacarbulebalit0ketg3de httpstcoxwy8azdmbusyakirahviralpart8fullvideo httpstcoboikgxvsju
Video aksi pencurian yang dilakukan WNA itu dibagikan oleh Ni Luh Djelantik. #maling #bule #bulebali #cctv #perhiasan #kalung #baju #pencurian #wna #bali #infobali,videoaksipencurianyangdilakukanwnaitudibagikanolehniluhdjelantikmalingbulebulebalicctvperhiasankalungbajupencurianwarga negara asingbaliinfobali
Bule bali ni banyak yg sok keras ajg,bulebalinihbanyakyangsokkerasanjing
CHAOS! Bule di Bali bawa kabur truk dan tabrak pengendara motor! #GarudaTV #Laporan8 #Bulebali #Bali #viral https://t.co/9kQsYW3346,chaosbuledibalibawakaburtrukdantabrakpengendaramotorgarudatvlaporan8bulebalibaliviralhttpstco9kqsyw3346
tante honey ngntod bule Bali ‚ÄºÔ∏èStreaming https://t.co/eJjcaJOlhS https://t.co/fd3wDCOIEc https://t.co/Qf9i1YfJb7 semprotcom iOS 18 Tolol seokjin Justice for CBX KDRT LPDP Hot Mess mesin cuci azizaharhan https://t.co/OeQOgNBnl6,tantehoneyngntodbulebali streaminghttpstcoejjcajolhshttpstcofd3wdcoiechttpstcoqf9i1yfjb7semprotcomios18tololseok jinjusticeforcbxkdrtlpdphotmessmesincuciazizaharhanhttpstcooeqognbnl6
ini juga Bule bukan Bule Bali kalau yang ini,inijugabulebukanbulebalikalauyangini
WHATSAPP Bang Leon RawrR : OI OI OI : Susah diterima oleh princess tolong besok sekalian paketin bule Bali juga dong : ARI UNTUNG BELI SENDAL. : CAKEP!!!! : ARIGATOU BANH LEON PACAR SANA.,whatsappbangleonrawrroioioisusahditerimaolehprincesstolongbesoksekalianpaketinbulebalijugadongariuntungbelisendalcakeparigatoubanhleonpacarsana
Viral! Kelakuan Bule di Bali Mainan Motor hingga Masuk Kolam #baliviral #bulebali #bulemeresahkan #beritabali #infobali #baliterkini #wisatawanasing #bali #wisatawanbali #wnabali #buledibali https://t.co/YUf39Yp4gK,viralkelakuanbuledibalimainanmotorhinggamasukkolambaliviralbulebalibulemeresahkanberitabaliinfobalibaliterkiniwisatawanasingbaliwisatawanbaliwnabalibuledibalihttpstcoyuf39yp4gk
kyungmin dah cocok jdi bule bali https://t.co/n8PBTgnIId,kyungminsudahcocokjadibulebalihttpstcon8pbtgniid
Kalian ke kafe doang harus stylish ya. Kalah dong sama bule bali ke kafe kaos kutang celana boxer sama sendal jepit,kaliankekafedoangharusstylishyakalahdongsamabulebalikekafekaoskutangcelanaboxersamasendaljepit
@tanyakanrl Justru muka2 kyk praz bs dpt bule spek eropa. Nah muka2 mbak2 standar desa jg bs dpt bule kok. Spek bule bali. Yg miskin dan ga ada kerjaan .,tanyakanrljustrumuka mukakayakprazbisadapatbulespesifikasieropanahmuka mukambak mbakstandardesajugabisadapatbulekokspekbulebaliygmiskindantidakadapekerjaan
Pas trip ke Raja Ampat kemarin ketemu bule-bule yang diss tipikal bule Bali yg I m going to find myself in Bali ‚ÄçÔ∏èterus makan super organic food pdhl cuma avocado toast granola muesli. Terus foto di beach club. WHITE DUDE(S) KALIAN LAH YG BIKIN DEMAND NYA HAHAHAHA.,pastripkerajaampatkemarinketemubulebuleyangdisstipikalbulebaliyangisamapergitofindmyselfinbali terusmakansuperorganikfoodpadahalcumaavocadotoastgranolamuesliterusfotodibeachclubwhitedudeskalianlahygbikindemandnyahahahaha
Kenapa sih bule bule bali hobi bgt naik motor sambil teriak teriak atau engga muter musik kenceng kayak angkot,kenapasihbulebulebalihobibangetnaikmotorsambilteriakteriakatautidakmemutermusikkencangkayakangkutan kota
Kyk bule bali ntar ,kykbulebalinanti
@LALINEKO_ Kek bule bali yang sewa motor seenak jidatnya,lalinekokekbulebaliyangsewamotorseenakjidatnya
@Setobeli_Mungil @Sleepyasever pernah cium aroma bule bali kayak bau keringat gelandangan gitu.,setobelimungilsleepyaseverpernahciumaromabulebalikayakbaukeringatgelandanganbegitu
Semerbak bule bali,semerbakbulebali
sukurin (ke kbsnya) kebiasaan banget ke indo/bali semena-mena ngga ngikutin aturan IHHH sama aja kayak bule bule bali lainnya,sukurinkekbsnyakebiasaanbangetkeindobalisemenamenatidakmengikutiaturanihsamasajakayakbulebulebalilainnya
@idextratime info lawan sepadan hyung udah bule bali udah,idextratimeinfolawansepadanhyungsudahbulebalisudah
@yogiadipras @unmagnetism Mantap bule bali,yogiadiprasunmagnetismmantapbulebali
Bule bali mau kenalan dong sini...,bulebalimaukenalandongsini
Bule bali mau kenalan dong...,bulebalimaukenalandong
@starfess hyo beneran kyk bule bali ,starfesshyobenarankayakbulebali
MamKin Sam2 Cwe asuhnya C0lm3k https://t.co/mi38AVJN2B B0k3p Uting T0ketnya Yourbae Mahasiswi Cantik Tog3e https://t.co/wjdONiVbDZ Hijab bin4L Live Ny3pong K0nToI 1 https://t.co/n6XbfhCfzR Ngntot Pacar Bule Bali T0ket G3de https://t.co/MLtDETRfPy,mamkinsam2cweasuhnyac0lm3khttpstcomi38avjn2bb0k3putingt0ketnyayourbaemahasiswicantiktog3ehttpstcowjdonivbdzhijabbin4lliveny3pongk0ntoi1httpstcon6xbfhcfzrngntotpacarbulebalit0ketg3dehttpstcomltdetrfpy
bule dapet kerjaan album cover $200 kemurahan buat Indo ya pasti dikerjain beda nilai duit. bule Bali byk yg jadi outsourcer pekerja lokal dimereka dapet ribuan dollar sampe kita $500-700 juga dikerjain. untung gede mereka tinggal di Bali pula ya betah,buledapatpekerjaanalbumcover200kemurahanbuatindoyapastidikerjainbedanilaiduitbulebalibanyakyangjadioutsourcerpekerjalokaldimerekadapatribuandolarsampaikita500700jugadikerjainuntunggedemerekatinggaldibalipulayabetah
Intan Pangandaran ABG SMA VCS Disebar Mantan Part 2 https://t.co/22OZVKqepe Ng3we Pacar Bule Bali Susu Gede https://t.co/QUNIMaMohw Ketagihan sama MeM3k ponakan sendiri https://t.co/6q0o2wKWSJ B0Kep Shinju Bumil ngwe Live Bling2 https://t.co/EnOAaFv8mb,intanpangandaranabgsmavcsdisebarmantanpart2httpstco22ozvkqepeng3wepacarbulebalisusugedehttpstcoqunimamohwketagihansamamem3kponakansendirihttpstco6q0o2wkwsjb0kepshinjubumilngwelivebling2httpstcoenoaafv8mb
Di ewe 2 kontol bule Bali nikmatnya sampe ubun-ubun ... https://t.co/a0noSzQs6m,dingewe2kontolbulebalinikmatnyasampaiubunubunhttpstcoa0noszqs6m
@esgrimmmm Itu bule Bali mix Swedia ,esgrimitubulebalimixswedia
segini doang bule bali?!?,seginidoangbulebali
@idextratime @bliblidotcom Ini bule bali suruh si abang2an skena nya aja suruh turun sini. Segitu doang U-23 nya,idextratimebliblidotcominibulebalisuruhsihabang2anskenanyasajasuruhturunsinisegitudoangu23nya
Bisa-bisanya bule ini makan nentuin harganya sendiri! Kira-kira deportasi nggak Ton? #BuleBali #BuleNyeleneh https://t.co/6o7ORbNAF5,bisabisanyabuleinimakanmenentukanharganyasendirikirakiradeportasienggaktonbulebalibulenyelenehhttpstco6o7orbnaf5
Ngntot Pacar Bule Bali T0ket G3de https://t.co/m2ubAogL5Y Ngrokok Bareng Dulu Baru Ngew3 https://t.co/Hp7SASWaJ7 Ngintip SMA Indo Ng3ntod Di Kelas https://t.co/pSOdl2zOfa 2 Hari Disandra Tante Muda https://t.co/4SpaIkF15O,ngntotpacarbulebalit0ketg3dehttpstcom2ubaogl5yngrokokbarengdulubarungew3httpstcohp7saswaj7ngintipsmaindong3ntoddikelashttpstcopsodl2zofa2haridisandratantemudahttpstco4spaikf15o
@BRODOLxxx @Kappa_2023 @ilhampurnama887 Apa gak ada hubungannya??Pemasukan Bali itu trgantung wisatawan yg masuk terutama bule Bali dgn kebebasannya mmbolehkan bule bebas telanjang brkeliaran ya bule suka lah,brodolxkappa2023ilhampurnama887apatidakadahubungannyapemasukanbaliitutrgantungwisatawanyangmasukterutamabulebalidengankebebasannyammbolehkanbulebebastelanjangberkeliaranyabulesukalah
Ibu-ibu bawa bekel dan makan di Changi Airport tuh sebenernya gak beda jauh dengan bule-bule Bali yang naik motor gapake helm dan ugal-ugalan.,ibuibubawabekaldanmakandichangiairportitusebenarnyatidakbedajauhdenganbulebulebaliyangnaikmotortidak pakaihelmdanugal ugalan
@uhhbiscuit @junhuifti Kawin aja mending sama bule Bali anjir terus cabutt ke negaranya!! Ngapain coba kuliah,uhhbiscuitjunhuiftikawinsajamendingsamabulebalianjirteruscabuttkenegaranyangapaincobakuliah
@spwageti bule bali harus liat ini,spwagetibulebaliharuslihatini
@isaactangiis terbang plis ke medan sambil bawa bule Bali nomornya boleh ya,isaactangiisterbangtolongkemedansambilbawabulebalinomornyabolehya
@isaactangiis bawain dia oleh-oleh dep bule bali,isaactangiisbawaindiaoleholehdepbulebali
@nyamnyamcklt cari bule bali gk sih GASSS,nyamnyamckltcaribulebalitidaksihgas
dia bulbal banget alias bule bali fix habis retire dia beli villa di ubud terus tinggal disitu wkwk tiap hari ke canggu naik moge,diabulbalbangetaliasbulebalifixhabisretirediabeliviladiubudterustinggaldi situwkwktiapharikecanggunaikmotor gede
@shabrin_brin @dalgittalgi Hyo bule Bali tapi kalo Syoung uni padang. Udah banyak buka cabang rm Padang dia kalo 2007 ga debut SNSD,shabrinbrindalgittalgihyobulebalitapikalausyoungunipadangudahbanyakbukacabangrmpadangdiakalau2007tidakdebutsnsd
@rscidentevil @your_sacrifices @Laisvesjura Bule Bali adalah Bule kere.,rscidentevilyoursacrificeslaisvesjurabulebaliadalahbulekere
bule bali nggo dolanan,bulebaliuntukdolanan
Kukira pemotor indo yg kdg suka trabas trobos ngambil jalur yg bukan haknya ini bule Bali dah di kasih jalur tol khusus motor aja masih aja ngambil jalur mobil.. manusia emg marukkkk,kukirapemotorindonesiayangkadangsukatrabastrobosmengambiljaluryangbukanhaknyainibulebalisudahdikasihjalurtolkhususmotorsajamasihsajamengambiljalurmobilmanusiamemangmaruk
Kalau Sama Ukhti Wajib Di Colmek Dulu Biar Makin Bergairah https://t.co/CvAdt2vLBe Ngntot Pacar Bule Bali T0ket G3de https://t.co/y6LUCpYbRc Tante Mau Tidur Malah Diewe https://t.co/JASfFoHzeV Mandi Bareng Sambil Ngwe https://t.co/5ZSB6bRcrJ,kalausamaukhtiwajibdicolmekdulubiarmakinbergairahhttpstcocvadt2vlbengntotpacarbulebalit0ketg3dehttpstcoy6lucpybrctantemautidurmalahdiewehttpstcojasffohzevmandibarengsambilngwehttpstco5zsb6brcrj
@maroonslegacy this is kind of bule bali yang udah mabok meditasi,maroonslegacythisiskindofbulebaliyangsudahmabukmeditasi
@upi_lawas Husnuzon aja dia yg nyetirnya bule bali orang Amerika nyewa mobil di jaktim. Mungkin beliau lupa kebiasaan nyetir di amerika sebelah kanan.,upilawashusnuzonsajadiayangnyetirnyabulebaliorangamerikamenyewamobildijaktimmungkinbeliaulupakebiasaanmenyetirdiamerikasebelahkanan
Ngntot Pacar Bule Bali T0ket G3de https://t.co/nDrk3jzXuS ica Kane Lacur H0T Sexy https://t.co/5LsJMSn7e1 Tante Ecah https://t.co/figpnluDQ2 dogy chindo mulus jago desah https://t.co/Gz3QURGKeI,ngntotpacarbulebalit0ketg3dehttpstcondrk3jzxusicakanelacurh0tsexyhttpstco5lsjmsn7e1tanteecahhttpstcofigpnludq2dogychindomulusjagodesahhttpstcogz3qurgkei
@frgtbouttonight otpit bule bali banget tuh,frgtbouttonightotpitbulebalibangetitu
Ngntot Pacar Bule Bali T0ket G3de https://t.co/nDrk3jzXuS Main Ke Tempat Kos Pacar https://t.co/hScBaKHBPa Stayc4tion Sama Ayank Ehh Malah Ajakin Temen https://t.co/4zZJDoJBET Pagi Pagi Habis Olahraga Main Ngwe Aja https://t.co/2cBnL9mtEZ,ngntotpacarbulebalit0ketg3dehttpstcondrk3jzxusmainketempatkospacarhttpstcohscbakhbpastayc4tionsamaayankehhmalahajakintemenhttpstco4zzjdojbetpagipagihabisolahragamainngweajahttpstco2cbnl9mtez
ABG Mulus pacaran Ngwe https://t.co/TDwVaEKMBt Ngntot Pacar Bule Bali T0ket G3de https://t.co/KlCOO897Es Kntol Gedepun Kalah Sama Goy4ngan Cewenya https://t.co/9Dlx3aTfxZ Mbah Waluyo https://t.co/TNeZXNrz00,abgmuluspacaranngwehttpstcotdwvaekmbtngntotpacarbulebalit0ketg3dehttpstcoklcoo897eskntolgedepunkalahsamagoy4ngancewenyahttpstco9dlx3atfxzmbahwaluyohttpstcotnezxnrz00
smph ini bule bule bali mostly cewe nya mirip hailey bieber and meanwhile cowoknya mirip rafe cameron.,smphinibulebulebalipaling banyakceweknyamiriphaileybieberandmeanwhilecowoknyamiriprafecameron
Ngabuburit #pasutribali #cewebali #bulebali #hotmom #bikini #finnsbeachclub https://t.co/NLEQaye2E2,ngabuburitpasutribalicewebalibulebalihotmombikinifinnsbeachclubhttpstconleqaye2e2
@baidinawin yg jelass ini mahh bule bali berduitt banyakkk,baidinawinyangjelassinimahbulebaliberduittbanyak
@happymeal_98 Udah bisa,happymeal98udahbisa
üá¶üá∫ Top 10 di negeri eksportir bule Bali: 1. SMOOTH OPERATOR 2. Ikmal 3. Korban e-girl lokal 4. Bakpia kukus 5. El Salvadore Tequila 6. Anggota DPD Jabar 7. Pance F Pondaag 8. Adul ngecarry setim 9. Bruce Banner 10. Sekali lagi jangan cari yang tidak ada #AusGP #F1,top10dinegerieksportirbulebali1smoothoperator2ikmal3korbanegirllokal4bakpiakukus5elsalvadoretequila6anggotadpdjabar7pancefpondaag8adulngecarrysatu tim9brucebanner10sekalilagijangancariyangtidakadaausgpf1
Ngntot Pacar Bule Bali T0ket G3de https://t.co/BalGRHkgmE Sedang H0rny Berat Cewenya https://t.co/CPHtaSiycz Uhh Cakepnya Terus Neng Diisep https://t.co/AKaHfn2Tgp Streaming B0kep Cewenya Gamau Isep Kntol https://t.co/valZsZpuKc,ngntotpacarbulebalit0ketg3dehttpstcobalgrhkgmesedangh0rnyberatcewenyahttpstcocphtasiyczuhhcakepnyaterusnengdiisephttpstcoakahfn2tgpstreamingb0kepcewenyagamauisepkntolhttpstcovalzszpukc
Rubah Profile Domisili di Bali langsung pemburu memek bali pada follow Ga ada memek di alter gw Adanya bo'ol Mau??? #mokondo #pasutribali #gigolobali #bulebali #pemburumemek,rubahprofiledomisilidibalilangsungpemburumemekbalipadafollowgaadamemekdialtergueadanyaboolmaumodal kontol doangpasutribaligigolobalibulebalipemburumemek
@idextratime @bliblidotcom Bule Bali suru maen bola yagini,idextratimebliblidotcombulebalisuruhmainbolayagini
@silvernstars iya aku tau kok ini emg buat saran aja soalnya bule2 yg kek begituan udah bisa dibaca tingkahnya bakal bodong. jd kl mau cari temen bule buat traveling better mah yg udah kenal agak lama aja. soalnya bule bule bali tuh kebanyakan sedengnya baik yg uda netep disana atau yg kesana,silvernstarsiyaakutaukokinimemangbuatsaransajasoalnyabule2yangkayakbegituansudahbisadibacatingkahnyabakalbodongjadikalaumaucaritemanbulebuattravelingbetteradalahyangsudahkenalagaklamasajasoalnyabulebulebaliitukebanyakansedengnyabaikyangsudahnetepdi sanaatauyangkesana
Ngwe Dosen Cantik https://t.co/25Orm5eQuK Ngntot Pacar Bule Bali T0ket G3de https://t.co/WQ4STEdOAY Gadis Kacamata Gesek Mmek Nikmat https://t.co/fvIC2ZMTww Gadis T0ket G3de Pamer Mmek Basah https://t.co/Y4JpFe1zVd,ngwedosencantikhttpstco25orm5equkngntotpacarbulebalit0ketg3dehttpstcowq4stedoaygadiskacamatagesekmmeknikmathttpstcofvic2zmtwwgadist0ketg3depamermmekbasahhttpstcoy4jpfe1zvd
Bertiga Lebih Baik Daripada Tidak Sama Sekali üÜö https://t.co/JRmTP90zlq Ngntot Pacar Bule Bali T0ket G3de üÜö https://t.co/juARdTGgu8 Mend3sah Terusan üÜö https://t.co/wyt2aSnfF9 Des4han Manja Cewenya Mantep üÜö https://t.co/ncziGYOsTn,bertigalebihbaikdaripadatidaksamasekali httpstcojrmtp90zlqngntotpacarbulebalit0ketg3de httpstcojuardtggu8mend3sahterusan httpstcowyt2asnff9des4hanmanjacewenyamantep httpstconczigyostn
Kaco jg udh cocok jadi bule bali,kacojugasudahcocokjadibulebali
Udah siap kenalan sama bule bali ya?,udahsiapkenalansamabulebaliya
@ohmybeautybank Kita sebagai cowo jangan banyak nuntut kalo gaji masih umr. Jangan mikirin selangkangan mulu. Omongin yang lain bisnis misalnya. Its really painful seeing this kinda shit. Sabar mbaknya,ohmybeautybankkitasebagaicowokjanganbanyakmenuntutkalaugajimasihupah minimum regionaljanganmemikirkanselangkanganmuluomonginyanglainbisnismisalnyaitsreallypainfulseeingthiskindashitsabarmbaknya
@FOODFESS2 Madu + kabar dirinya,foodfess2madukabardirinya
@anggasasongko Kita emang masih seneng mas makan tempe,anggasasongkokitamemangmasihsenangmasmakantempe
Buang sampah jangan sembarangan. Ngentot sama selebgram/selebtweet gak bisa dimasukin ke cv,buangsampahjangansembaranganngentotsamaselebgramselebtweettidakbisadimasukikecv
Its not the money nor the place - dari bapack bapack yang kemarin vaksin bareng,itsnottheuangnortheplacedaribapackbapackyangkemarinvaksinbareng
Setengah gamis setengah jas ujan ini,setengahgamissetengahjashujanini
Template film horror bangsa ini,templatefilmhororbangsaini
Cast penting tapi script jauh lebih penting,castpentingtapiscriptjauhlebihpenting
Cewe cewe sesirkel gua rambutnya panjang semua padahal kalo curhat kelakuannya cowonya kek babi semua katanya. Ada yang pendek tapi jomblo. Syarat dan ketentuan berlaku,ceweceweksesirkelguerambutnyapanjangsemuapadahalkalaucurhatkelakuannyacowoknyakayakbabisemuakatanyaadayangpendektapijomlosyaratdanketentuanberlaku
Kang paket lebih punya emosi,kangpaketlebihpunyaemosi
ASIA TOO !!!,asiatoo
@VisinemaID Ratih is better than sukma,visinemaidratihisbettertahansukma
Lagi duduk sendiri terus disamperin mas mas seumuran lalu ngobrol somehow someway obrolannya jadi dalem dan sekarang gua jadi kepikiran masalahnya dia. Why this happen all the time like why,lagiduduksendiriterusdisamperinmasmasseumuranlalumengobrolsomehowsomewayobrolannyajadidalamdansekarangguejadikepikiranmasalahnyadiawhythishappenallthetimelikekenapa
Tunggu sampe cewe lo bilang sambelnya kurang pedes,tunggusampaicewekkamubilangsambelnyakurangpedas
@anggasasongko Ada 3 biji skrip nih mas https://t.co/tD0t51HYgc,anggasasongkoada3bijiskripnihmashttpstcotd0t51hygc
Bukti ke 1259 kalo cowo selalu salah,buktike1259kalaucowokselalusalah
Kang bubur yang tetep lewat meski gerimis romantis menghadang pantes dapet lebih dari dunia ini,kangbuburyangtetaplewatmeskigerimisromantismenghadangpantasdapatlebihdariduniaini
@touristbali nyari the great one dmn yah:),touristbalimencarithegreatonedi manaya
anak anak setan udah disini semua semenjak gua ultimatum kalo jam 6 gak lengkap. gua buang buangin nih ayam ayam daging sama minuman,anakanaksetansudahdi sinisemuasemenjakgueultimatumkalaujam6tidaklengkapguebuangbuanginnihayamayamdagingsamaminuman
gigit bibir bawah maksudnya apaan? ngajak berantem? im not romy rafael who can read the damn mind girl,gigitbibirbawahmaksudnyaapaanmengajakbertengkarimnotromyrafaelwhocanreadthedamnmindgirl
@touristbali Keduanya punya kualitas yang beda sama-sama keren pastinya ,touristbalikeduanyapunyakualitasyangbedasamasamakerenpastinya
nasi. soto ayam/sop. paha atas/bawah. pisang/jeruk. teh anget adalah junjungan rumah sakit seluruh indonesia,nasisotoayamsoppahaatasbawahpisangjeruktehhangatadalahjunjunganrumahsakitseluruhindonesia
ceper banget becek dikit kelelep nanti,ceperbangetbeceksedikitkelelepnanti
@FOODFESS2 pake teflon biasa bisa mbaknya gak perlu marble. pake aluminium bisa sih tapi nanti cepet gosong soalnya lebih emang lebih cepet dari kompor biasa,foodfess2pakaiteflonbiasabisambaknyatidakperlumarblepakaialuminiumbisasihtapinanticepatgosongsoalnyalebihmemanglebihcepatdarikomporbiasa
@touristbali Iya ngerti maksud saya kalo Fox boncos pun kan ngga ada hubungannya sama revenue MLB. Karena bukan MLB yg boncos.. kan kalo baca dr twit Mas yang pertama itu refer ke hubungan teknologi Fox dengan revenue MLB yg USD 10 B itu. Dua hal berbeda &amp; dua pos yg berbeda. Bener ga?,touristbaliiyamengertimaksudsayakalaufoxboncospunkantidakadahubungannyasamarevenuemlbkarenabukanmlbyangboncoskankalaubacadaritwitmasyangpertamaitureferkehubunganteknologifoxdenganrevenuemlbyangusd10bituduahalberbedaampduaposyangberbedabenertidak
@AnalisisCetek ya ada dong hubungannya sama revenue. kontrak MLB sama fox sports hampir $ 3 billion. kalo fox sports gak maksimalin tv experience yang maksimal nanti itu $ 3 billion bakalan boncos dan berimbas cut the cordnya fox sports &amp; ujung ujungnya bakalan kena ke fiskalnya fox sports,analisiscetekyaadadonghubungannyasamarevenuekontrakmlbsamafoxsportshampir3billionkalaufoxsportstidakmaksimalintelevisiexperienceyangmaksimalnantiitu3billionakanboncosdanberimbascutthecordnyafoxsportsampujungujungnyaakankenakefiskalnyafoxsports
@touristbali Tidak lagi membandingkan dengan siapapun di twit ini Mas.. dan ngga ada hubungannya juga sama revenue MLB menurut saya Mas. Inovasi teknologinya dari pihak broadcast bukan dari MLB nya..,touristbalitidaklagimembandingkandengansiapapunditwitinimasdantidakadahubungannyajugasamarevenuemlbmenurutsayamasinovasiteknologinyadaripihakbroadcastbukandarimlbnya
@AnalisisCetek gak bisa apple to apple lah. MLB revenue nya udah lewat $10 Billion per year,analisiscetektidakbisaappletoapplelahmlbrevenuenyasudahlewat10billionpertahun
@FOOD_FESS nasinya pake cetakan bekel anak sd pas mau renang,foodfessnasinyapakaicetakanbekalanaksekolah dasarpasmaurenang
gak itu doang lah 1. itu film feature pertama dia. kuat? gak juga lah 2. setting di india pake pemain india. sure tinggal kaliin 3. subsnya netflix di india ada 2 juta an 4. pandemic? play a huge role 5. chris hemsworth? pemain avengers? 6. netflix for the win,tidakitudoanglah1itufilmfeaturepertamadiakuattidakjugalah2settingdiindiapakaipemainindiasuretinggalkaliin3subsnyanetflixdiindiaada2jutaan4pandemicplayahugerole5chrishemsworthpemainavengers6netflixforthemenang
@zupercandies haha emang iya,zupercandieshahamemangiya
@touristbali Hahaha emang engga kok,touristbalihahahamemangtidakkok
@zupercandies gak biasa aja. diluaran juga banyak yang kaya gitu,zupercandiestidakbiasasajadiluaranjugabanyakyangkayakbegitu
lo harus nemu duit 500 juta dulu di gerbong lalu kembalikan dan kemudian baru jadi karyawan tetap. senang dan sedih dalam satu kalimat,kamuharusmenemukanduit500jutaduludigerbonglalukembalikandankemudianbarujadikaryawantetapsenangdansedihdalamsatukalimat
gak dia cuma punya beberapa % dari oxfordnya gak penuh kaya waktu di inter. thohir juga punya mainan di dc united sama 76ers. the man know what he wantsm good for him,tidakdiacumapunyabeberapadarioxfordnyatidakpenuhkayakwaktudiinterthohirjugapunyamainandidcunitedsama76ersthemanknowapahewantsmgoodforhim
@fajarnugros email hello@idnpicrures.com nya masih gak bisa bang,fajarnugrosemailhelloidnpicrurescomnyamasihtidakbisabang
lmao millenialls disuruh diem 3 bulan sama disuruh gak gatel aja susah - kata mba2 diantrian superindo,lmaomilleniallsdisuruhdiam3bulansamadisuruhtidakgatalsajasusahkatambak mbakdiantriansuperindo
ruang uks lebih enak,ruangukslebihenak
nothing fancy just pecel lele dan pulangnya minta digendong sembari ditemani gerimis kecil,nothingfancyjustpecelleledanpulangnyamemintadigendongsembariditemanigerimiskecil
kalah taroan lagi dan hukumannya gendong. pinggang gua masih belom recover,kalahtaroanlagidanhukumannyagendongpinggangguemasihbelumrecover
her: marathon drama yuk gua: hah? her: gak suka emangnya? g: pernah nyoba tp ya gitu her: lagi musim corona g: corona bukan ujan h: ya gitu deh pokoknya. mau yah g: kapan? h: besok sore aja jam 4 an g: yaudah,hermarathondramayukguehahertidaksukamemangnyatidakpernahmencobatetapiyabegituherlagimusimcoronatidakcoronabukanhujanhyabegitudehpokoknyamauyatidakkapanhbesoksoresajajam4antidakya
kenapa cewe doyan banget sama hoodie cowo deh? dan somehow they never give them back. buat apaan emangnya?,kenapaceweksukabangetsamahoodiecowokdehdansomehowtheynevergivethembackbuatapaanmemangnya
nemenin wonyo ngurut terakhir kali karena udah enakan kakinya. fuck im sad,menemaniwonyomengurutterakhirkalikarenasudahenakankakinyafuckimsad
kemarin nemenin belanja sekarang nemenin ke kang urut gara gara ada yang mau jadi jang wonyoung,kemarinmenemanibelanjasekarangmenemanikekangurutgaragaraadayangmaujadijangwonyoung
bpjs ke cover kok semuanya,badan selenggara jamin sosialkecoverkoksemuanya
grup whatsap emak emak &gt; corona,grupwhatsapemakemakbegitucorona
gua: jgn bandingin hidup lo sama orang orang disekitar lo. contoh: temen lo punya mobil semua sementara lo doang yang masih naik beat = chill. temen2 lo ceweknya pada cakep &amp; cewe lo gak gitu = chill. even sampe urusan titit lo lebih pendek 4 cm dari temen2 lo = stay chill brader,guejanganbandingkanhidupkamusamaorangorangdisekitarkamucontohtemankamupunyamobilsemuasementarakamudoangyangmasihnaikbeatchillteman temankamuceweknyapadacakapampcewekkamutidakbegituchillevensampaiurusantititkamulebihpendek4cumadariteman temankamustaychillbrader
kasih semua ke tetangga sisain cuma setengah liter air zam zam dirumah dan percayalah dadamu akan lapang. insyallah urusanmu akan mudah,kasihsemuaketetanggasisakancumasetengahliterairzamzamdi rumahdanpercayalahdadamuakanlapanginsyaallahurusanmuakanmudah
@touristbali Lah gimana ga bingung. Terlalu fokus dgn kata 'keberuntungan' sampai mengabaikan ada 'salah satu' di situ. Keberhasilan sesuatu seringnya ada banyak faktor bukan cuma faktor tunggal.,touristbalilahbagaimanatidakbingungterlalufokusdengankatakeberuntungansampaimengabaikanadasalahsatudisitukeberhasilansesuatuseringnyaadabanyakfaktorbukancumafaktortunggal
@touristbali Tentu saja bingung karena Anda memaksakan penafsiran Anda sendiri.,touristbalitentusajabingungkarenaandamemaksakanpenafsiranandasendiri
lho bukannya situ yang bilang kalo suksesnya milea itu beruntung. jadi bingung,lobukannyasituyangbilangkalausuksesnyamileaituberuntungjadibingung
@touristbali Jangan menafsirkan terlalu cepat. Bisnis memang demikian. Kegagalan pesaing adalah peluang. Silakan cermati data historis kinerja film adaptasi komik DC di Indonesia.,touristbalijanganmenafsirkanterlalucepatbisnismemangdemikiankegagalanpesaingadalahpeluangsilakancermatidatahistoriskinerjafilmadaptasikomikdcdiindonesia
melihat kesuksesan seseorang sebagai keberuntungan adalah sebuah penghianatan atas hasil kerja keras dan dedikasi orang tersebut,melihatkesuksesanseseorangsebagaikeberuntunganadalahsebuahpengkhianatanatashasilkerjakerasdandedikasiorangtersebut
shit mata gua udah perih,shitmataguesudahperih
@AlterBase18Plus coklat: 0,alterbase18pluscoklat0
@AlterBase18Plus pasti belom dapet coklat puk puk,alterbase18pluspastibelumdapatcoklatpukpuk
saya ada 3 script. mau lihat?,sayaada3scriptmaulihat
her: aku abis mandi nih gua: iya kan udah bilang tadi her: minta pap gak? gua: hah? her: mau gak? gua: gak gak makasih her: yah udah aku potoin juga nanti aku apus nih gua: yaudah apus aja her: bagus tau gua dalam hati: fuck. i cant do this,herakuhabismandinihgueiyakansudahbilangtadihermemintapaptidakguehahermautidakguetidaktidakterima kasihheryasudahakupotoinjuganantiakuhapusnihgueya sudahhapussajaherbagustauguedalamhatifuckicantdothis
@firzieidris he is bang average bang. moses masuk doi keloan,firzieidrisheisbangaveragebangmosesmasukdiakeloan
@ikanatassa lah apaan ini dikasih tau semua dan endingnya udah ketebak. film pendek aja masih lebih bagus dan pintar nyembunyiin plot dari ini. trash ass ph,ikanatassalahapaaninidikasihtausemuadanakhirnyasudahketebakfilmpendeksajamasihlebihbagusdanpintarnyembunyiinplotdariinisampahassph
@ernestprakasa @film_imperfect bang ane punya 3 script https://t.co/yGPgsydpny,ernestprakasafilmimperfectbangsayapunya3scripthttpstcoygpgsydpny
@detikcom @detikfinance gaji ratusan juta pertahun tapi punya PR lemah,detikcomdetikfinancegajiratusanjutapertahuntapipunyaprlemah
@nathhapr emang udah ngikhlasin yang lama?,nathhaprmemangsudahngikhlasinyanglama
@nathhapr gak bisa terpisah non. belajar naik sepeda resikonya jatoh dan lutut luka,nathhaprtidakbisaterpisahnonbelajarnaiksepedarisikonyajatuhdanlututluka
@fajarnugros kalo ngasih script diapain? dibaca?,fajarnugroskalaumemberiscriptdiapakandibaca
@Indostransfer jadi mau ipo?,indostransferjadimauipo
@WatchmenID orang kaya gini aturan jangan dikasih platform. bahaya. ini publikasi gratis buat mereka. diliput media = kemenangan ideologi mereka dan makin banyak pengikutnya karena bosnya aja masuk tv (begitu si pemikiran followersnya kelak),watchmenidorangkayakbeginiaturanjangandikasihplatformbahayainipublikasigratisbuatmerekadiliputmediakemenanganideologimerekadanmakinbanyakpengikutnyakarenabosnyasajamasuktelevisibegitusihpemikiranfollowersnyakelak
baju putih banyak tp selalu satu masalahnya. kalo ujan bajunya kecipratan ban motor mulu,bajuputihbanyaktetapiselalusatumasalahnyakalauhujanbajunyakecipratanbanmotormulu
mata sakit kaya abis ditampol,matasakitkayakhabisditabok
@mcheltjandra ada orangnya didepan lo diemin malah nomernya yang dikejar. creppy as fuck,mcheltjandraadaorangnyadi depankamudiamkanmalahnomernyayangdikejarcreppyasfuck
@rvlvt nikah emang pas siap bukan pas disuruh,rvlvtnikahmemangpassiapbukanpasdisuruh
@nyampahkuy gua: gak pilih dua duanya. banyakin main dek main yang jauh. banyakin baca buku biar pengetahuanmu luas kalo kamu itu lebih jangan settke for less. cinta itu butuh waktu. kasih mereka waktu jangan terburu buru karena masih banyak yang lebih baik dari mereka (pilihanmu itu),nyampahkuyguetidakpilihduaduanyaperbanyakmaindekmainyangjauhperbanyakbacabukubiarpengetahuanmuluaskalaukamuitulebihjangansettkeforlesscintaitubutuhwaktukasihmerekawaktujanganterburuburukarenamasihbanyakyanglebihbaikdarimerekapilihanmuitu
@sinema911 emang bener sih alesannya. siapa yang mau diganti dari best actor? de niro adam driver leo joaquin phoenix taron? like really tho? seriously? setelah punch drunk love adam sandler baru main film bagus ya uncut gems. it hurts but iylts called life,sinema911memangbenarsihalesannyasiapayangmaudigantidaribestactordehniroadamdriverleojoaquinphoenixtaronlikereallythoughseriussetelahpunchdrunkloveadamsandlerbarumainfilmbagusyauncutgemsithurtsbutiyltscalledlife
@mantap2fess bertulang belakang?,mantap2fessbertulangbelakang
@Indostransfer 1% kuman yang gak mati pas pake antis,indostransfer1kumanyangtidakmatipaspakaiantis
@floralfall @nyuunyuun tidak balas dm cowo,floralfallnyuunyuuntidakbalasdirect messagecowok
@picture_play mother bagus karena ibunya sih but hey,pictureplaymotherbaguskarenaibunyasihbuthe
@nyampahkuy saling follow dulu jangan langsung telpon. disini bahaya,nyampahkuysalingfollowdulujanganlangsungtelepondi sinibahaya
@AlterBase18Plus ini soal mempercantik branding dan marketing produk mereka. mereka gak pake gula pakenya artificial sweetener. makanya 0 calorie dan 0 sugar biar rasa tetep sama tapi gak nambah gula di produknya,alterbase18plusinisoalmempercantikbrandingdanmarketingprodukmerekamerekatidakpakaigulapakenyaartificialsweetenermakanya0caloriedan0sugarbiarrasatetapsamatapitidakmenambahguladiproduknya
@DMenfess maaf aja foto mbaknya jelek. tt gede gede emang buat apaan? maaf mbak cowomu otaknya dangkal. kurang main yang jauh. temennya jamet. tinggalin kamu pantes yang lebih baik. otak dia cuma sebatas tt,dmenfessmaafsajafotombaknyajelekttgedegedememangbuatapaanmaafmbakcowomuotaknyadangkalkurangmainyangjauhtemannyajamettinggalkankamupantasyanglebihbaikotakdiacumasebatastt
@AlterBase18Plus jangan cemas non masih muda,alterbase18plusjangancemasnonmasihmuda
@touristbali @Indostransfer Oh gitu ya okedeh infonya,touristbaliindostransferohbegituyaoke dehinfonya
@touristbali @Indostransfer Klub prasejarah kayak juve aja berani ganti logo menangan pula lagi .,touristbaliindostransferklubprasejarahkayakjuventussajaberanigantilogomenanganpulalagi
@Indostransfer @touristbali Jangka panjang,indostransfertouristbalijangkapanjang
@AlterBase18Plus wisma asri,alterbase18pluswismaasri
@touristbali @panggilajakods @Indostransfer Nah kan.. kelihatan banget kepemdaannya... Khas banget ada padi dan kapas.. fix sangat butuh penyegaran karena sekali lagi Persija dan tim2 tradisional lainnya sudah jadi klub profesional. Coba deh lihat Psm Makassar.,touristbalipanggilajakodsindostransfernahkankelihatanbangetkepemdaannyakhasbangetadapadidankapasfixsangatbutuhpenyegarankarenasekalilagipersijadantim2tradisionallainnyasudahjadiklubprofesionalcobadehlihatpsmmakassar
@AlterBase18Plus susah dijambak. ogah,alterbase18plussusahdijambakogah
@Nazerr14 @Indostransfer @touristbali TBF gak ada korelasinya kalaupun ada Minor banget. Tapi Ganti logo bisa jadi hal yang fresh buat Persija apalagi masih lekat ama logo pemda.,nazerr14indostransfertouristbalitbftidakadakorelasinyakalaupunadaminorbangettapigantilogobisajadihalyangfreshbuatpersijaapalagimasihlekatsamalogopemerintah daerah
@karetlotek @HabibAKarnova @Indostransfer @touristbali Perusahaan ga lebih penting dari Persija. Buat gue.. Hehe,karetlotekhabibakarnovaindostransfertouristbaliperusahaantidaklebihpentingdaripersijabuatguehehe
@touristbali @Indostransfer Logo itu jg penting karna itu merupakan identitas sebuah klub dan memiliki filosofi tersendiri. Klo memiliki visi yg bagus pasti dpt mengantarkan menuju kesuksesan. Tpi klo mau menang doang tanpa mau berproses brarti lu glory hunter..,touristbaliindostransferlogoitujugapentingkarenaitumerupakanidentitassebuahklubdanmemilikifilosofitersendiriklomemilikivisiyangbaguspastidapatmengantarkanmenujukesuksesantpikalaumaumenangdoangtanpamauberprosesberartikamugloryhunter
@touristbali Tapi sama2 insurance company yg Gagal bayar klaim klien kan?,touristbalitapisama samainsurancecompanyyanggagalbayarklaimklienkan
@jokoanwar bang kapan pengumuman script?,jokoanwarbangkapanpengumumanscript
@picture_play jiwasraya = bumn the laundromat = bukan bumn,pictureplayjiwasrayabadan usaha milik negarathelaundromatbukanbadan usaha milik negara
@GusGalon @panggilajakods @Indostransfer nih ah https://t.co/VZBzVyMhMp,gusgalonpanggilajakodsindostransfernihahhttpstcovzbzvymhmp
@Indostransfer @touristbali Benar ...... Setuju Mindset-nya mapan dalam segala lini dan prestasi akan datang.,indostransfertouristbalibenarsetujumindsetnyamapandalamsegalalinidanprestasiakandatang
@touristbali @panggilajakods @Indostransfer Nah tim2 tradisional kayak Persija kan dulunya punya Pemda jadi wajar kalau merepresentasikan image2 Pemda.sekarang klub sudah profesional visi misinya tentu berubah dan pasti cara jualannya beda lagi menurut saya harus ada penyegaran harus lebih menarik.,touristbalipanggilajakodsindostransfernahtim2tradisionalkayakpersijakandulunyapunyapemdajadiwajarkalaumerepresentasikanimage2pemdasekarangklubsudahprofesionalvisimisinyatentuberubahdanpasticarajualannyabedalagimenurutsayaharusadapenyegaranharuslebihmenarik
@touristbali @panggilajakods @Indostransfer Jangan pada pake urat ah.. adu argumen hal yang wajar.saya pun ga sependapat sama mas Andre karena menurut saya image atau citra juga tidak kalah pentingnya. Untuk itu logo tim harus dibuat agar benar2 merepresentasikan visi misi dan nilai yang terkandung dalam tim tersebut.,touristbalipanggilajakodsindostransferjanganpadapakaiuratahaduargumenhalyangwajarsayapuntidaksependapatsamamasandrekarenamenurutsayacitraataucitrajugatidakkalahpentingnyauntukitulogotimharusdibuatagarbenar benarmerepresentasikanvisimisidannilaiyangterkandungdalamtimtersebut
@panggilajakods @GusGalon @Indostransfer apa korelasinya ? coba kasih contoh hayo btw chelsea belom IPO sih i mean. dodol? https://t.co/dTZxwTTwqL,panggilajakodsgusgalonindostransferapakorelasinyacobakasihcontohhayoby the waychelseabelumiposihimeandodolhttpstcodtzxwttwql
@Fillcobain @Indostransfer klub bola itu punyanya crest/badges mas bukan logo. ya kasih analogi yang lebih tepat dong kalo gitu,fillcobainindostransferklubbolaitupunyanyacrestbadgesmasbukanlogoyakasihanalogiyanglebihtepatdongkalaubegitu
@greenteatampan @Indostransfer saham itu fluktuasi mas. kalo juara aja turun apalagi kalah mas. terjun bebas?,greenteatampanindostransfersahamitufluktuasimaskalaujuarasajaturunapalagikalahmasterjunbebas
@Nazerr14 @Indostransfer lmao apa korelasinya logo sama harga saham? https://t.co/Ky9a4YOFkN,nazerr14indostransferlmaoapakorelasinyalogosamahargasahamhttpstcoky9a4yofkn
@touristbali @Indostransfer Sok keminter tapi zonk.. ,touristbaliindostransfersoksok pintartapiapes
@touristbali @GusGalon @Indostransfer Ya ngefek bgt lah dodol sekelas Juve dan Chelsea aja ganti kok..,touristbaligusgalonindostransferyaberakibatbangetlahdodolsekelasjuvedanchelseasajagantikok
@touristbali @Indostransfer Ga juga mas Bali United juara sahamnya malah downtrend,touristbaliindostransfergajugamasbaliunitedjuarasahamnyamalahdowntrend
@Indostransfer @touristbali Ga ada urgensi nya sih buat ganti logo. Apalagi logo nya kan penuh sejarah. Bagus ganti logo lebih bagus ga ganti logo.,indostransfertouristbaligaadaurgensinyasihbuatgantilogoapalagilogonyakanpenuhsejarahbagusgantilogolebihbagustidakgantilogo
@Indostransfer @touristbali Kapok lu min,indostransfertouristbalikapokkamumin
@jokoanwar kapan pengumuman script bang?,jokoanwarkapanpengumumanscriptbang
@Sektiann @Indostransfer @touristbali @panditfootball kalo @persib sih sing penting bati menang kalah tinggal ngtweet hampura bobotoh ,sektiannindostransfertouristbalipanditfootballkalaupersibsihsingpentingbatimenangkalahtinggalmentwithampurabobotoh
@Indostransfer @touristbali Bener min. Mapan dulu baru Menang. Mindset pas J-League baru dbentuk. Ada artikelnya di @panditfootball . Kereen.,indostransfertouristbalibenerminmapandulubarumenangmindsetpasjleaguebarudbentukadaartikelnyadipanditfootballkereen
@GusGalon @Indostransfer gini mas galon sebenernya klub sepakbola itu punyanya crest atau badges bukan logo. logo itu sebenernya buat bisnis gak ngefek? buat gua gak. sepakbola itu mainnya dilapangan bukan soal logo. yang penting menang kalo menang semua seneng baik lo gua investor stakeholder dsb,gusgalonindostransferbeginimasgalonsebenarnyaklubsepak bolaitupunyanyacrestataubadgesbukanlogologoitusebenarnyabuatbisnistidakberakibatbuatguetidaksepak bolaitumainnyadilapanganbukansoallogoyangpentingmenangkalaumenangsemuasenangbaikkamugueinvestorstakeholderdan
@Indostransfer @touristbali wkwkwk sukurin lu diserang fans konvensional ,indostransfertouristbaliwkwksukurinkamudiserangfankonvensional
@touristbali @Indostransfer Jadi penyegaran logo klub yang makin modern gak ngefek sama sekali nih menurut mas Andre?,touristbaliindostransferjadipenyegaranlogoklubyangmakinmoderntidakberakibatsamasekalinihmenurutmasandre
@Indostransfer mau IPO ko yang dipikirin logo. kalo mau beli sayur di tukang sayur ya lihat sayurnya aja bagus apa gak. gak perlu dinilai dari apa yang dipakai si penjual (baju) persija menang harga IPO bakalan bagus. menang terus = harga saham naik = investor senang dan stakeholder sumringah https://t.co/ZomaEcw9d6,indostransfermauipokokyangdipikirkanlogokalaumaubelisayurditukangsayuryalihatsayurnyasajabagusapatidaktidakperludinilaidariapayangdipakaisihpenjualbajupersijamenanghargaipoakanbagusmenangterushargasahamnaikinvestorsenangdanstakeholdersumringahhttpstcozomaecw9d6
@touristbali Nyerah deh. Simpel nya gini. Lupa ini mindset Sepakbola mana kalau gak salah Jepang. Cmiiw 'Mapan dulu baru jago' bukan 'jago dulu baru mapan' Mapan dlm konteks yg kita bicarain disini bukan berarti finansial ya hehehe IMO aja sih,touristbalinyerahdehsimpelnyabeginilupainimindsetsepakbolamanakalautidaksalahjepangcmiiwmapandulubarujagobukanjagodulubarumapanmapandalamkonteksyangkitabicarakandi sinibukanberartifinansialyaheheimosajasih
Viral! Kelakuan Bule di Bali Mainan Motor hingga Masuk Kolam #baliviral #bulebali #bulemeresahkan #beritabali #infobali #baliterkini #wisatawanasing #bali #wisatawanbali #wnabali #buledibali https://t.co/YUf39Yp4gK,viralkelakuanbuledibalimainanmotorhinggamasukkolambaliviralbulebalibulemeresahkanberitabaliinfobalibaliterkiniwisatawanasingbaliwisatawanbaliwnabalibuledibalihttpstcoyuf39yp4gk
Viral curhatan wisatawan yang menceritakan pengalaman buruk jadi korban jambret di Bali dan lapor polisi namun tidak dihiraukan petugas Kepolisian. BZK #GTVNews #BuletiniNews #News #Viral #WisatawanBali #Penjambretan #Poldabali #LaporPolisi #VideoViral https://t.co/g6BoFvuCaV,viralcurhatanwisatawanyangmenceritakanpengalamanburukjadikorbanjambretdibalidanlaporpolisinamuntidakdihiraukanpetugaskepolisianbzkgtvnewsbuletininewsnewsviralwisatawanbalipenjambretanpoldabalilaporpolisivideoviralhttpstcog6bofvucav
Hanya gegara minta untuk melambatkan kendaraannya bule ngamuk - ngamuk. #wisatawanbali #beritaterbaru #beritaterkini #beritahariini #beritaviral #viralwisatawanbali #bali #balinyepi #NyalakanKebersamaan #KevinValenInLove #GalaxyS23 #anisd #Newwiee https://t.co/UrDCQTWAFJ,hanyagara garamemintauntukmelambatkankendaraannyabulemengamukmengamukwisatawanbaliberitaterbaruberita kiniberitahariiniberitaviralviralwisatawanbalibalibalinyepinyalakankebersamaankevinvaleninlovegalaxys23anisdnewwieehttpstcourdcqtwafj
Dua WNA yang melanggar aturan kembali dideportasi dari Bali. Menurut Kadiv Keimigrasian Bali sejak Januari-Maret 2023 sudah ada 63 WNA yang melanggar aturan keimigrasian dan terbanyak dilakukan oleh WNA asal Rusia dan Inggris. #wisatawanbali #turisbali #infobali https://t.co/gUu1GSNZPH,duawnayangmelanggaraturankembalidideportasidaribalimenurutkadivkeimigrasianbalisejakjanuarimaret2023sudahada63wnayangmelanggaraturankeimigrasiandanterbanyakdilakukanolehwnaasalrusiadaninggriswisatawanbaliturisbaliinfobalihttpstcoguu1gsnzph
Gubernur Bali memberikan wacana jika wisatawan asing akan dilarang untuk menyewa motor tetapi terdapat juga penolakan akan hal tersebut. #Bali #GubernurBali #BuleBali #Bule #WNAdilarangmenyewamotor #WisatawanBali #viral #HotNews #MNCUpdate #Updaters https://t.co/h7zUmQ9Vis,gubernurbalimemberikanwacanajikawisatawanasingakandilaranguntukmenyewamotortetapiterdapatjugapenolakanakanhaltersebutbaligubernurbalibulebalibulewnadilarangmenyewamotorwisatawanbaliviralhotnewsmncupdateupdatershttpstcoh7zumq9vis
Kunjungan Wisatawan Asing ke Bali Naik 60.000 Kali Lipat https://t.co/cie0GBLfgK #Bali #ImigrasiBali #WisatawanAsing #WisatawanBali https://t.co/a4AtvddfkM,kunjunganwisatawanasingkebalinaik60kalilipathttpstcocie0gblfgkbaliimigrasibaliwisatawanasingwisatawanbalihttpstcoa4atvddfkm
Penasaran apa 32 kebiasaan orang Bali? Kebiasaan ini tuai pujian mancanegara lho! #kebiasaanorangbali #sifatorangbali https://t.co/ug1aoXeZkI,penasaranapa32kebiasaanorangbalikebiasaaninituaipujianmancanegaralokebiasaanorangbalisifatorangbalihttpstcoug1aoxezki
Ingin tahu 10 nama rumah adat Bali beserta maknanya? Klik link ini untuk membaca artikel lebih lanjut tentang nama rumah adat Bali https://t.co/It5PUQvwL4 #rumahadatbali #namarumahadatbali #adatbali #rumahbali,ingintahu10namarumahadatbalibesertamaknanyakliklinkiniuntukmembacaartikellebihlanjuttentangnamarumahadatbalihttpstcoit5puqvwl4rumahadatbalinamarumahadatbaliadatbalirumahbali
Kunjungi laman resmi https://t.co/uk1hseJes9 untuk informasi lainnya. Semua informasi pada laman resmi tidak dipungut biaya. #beritaresmistatistik #BRS #statistik #pariwisata #bali #indonesia #datamencerdaskanbangsa #wisman #wisatawan #wisatawanmancanegara #wisatawanbali,kunjungilamanresmihttpstcouk1hsejes9untukinformasilainnyasemuainformasipadalamanresmitidakdipungutbiayaberitaresmistatistikbrsstatistikpariwisatabaliindonesiadatamencerdaskanbangsawismanwisatawanwisatawanmancanegarawisatawanbali
Ekonomi Tumbuh 3 04 Persen Perhari 9.000 Wisatawan Kunjungi Bali Baca selengkapnya disini! https://t.co/jLzdmdLqKc #MataIndonesia #ekonomitumbuh #perekonomian #wisatawanbali #infobali,ekonomitumbuh304persenperhari90wisatawankunjungibalibacaselengkapnyadi sinihttpstcojlzdmdlqkcmataindonesiaekonomitumbuhperekonomianwisatawanbaliinfobali
Menko Luhut : Pemerintah Terapkan Karantina Tiga Hari Bagi PPLN Mulai 1 Maret https://t.co/zgacjOeNjp #bali #PPLN #wisatawanbali #Karantina,menkoluhutpemerintahterapkankarantinatigaharibagipplnmulai1marethttpstcozgacjoenjpbalipplnwisatawanbalikarantina
Kunjungan Wisatawan di Bali Dibatasi 50 Persen saat Libur Panjang Akhir Pekan Ini #MNCNewsroom #Bali #WisatawanBali https://t.co/nFiFInUlao,kunjunganwisatawandibalidibatasi50persensaatliburpanjangakhirpekaninimncnewsroombaliwisatawanbalihttpstconfifinulao
mantap keren kampus swasta rekomended dibali nih yuk masyarakat bali tingkatkan jejang pendidikan anda di POLNAS DENPASAR #Polnas #Denpasar #Bali #kampusbali #kampusdenpasar #kampuskotadenpasar #kotadenpasar #turisbali #wisatawanbali #kampusterbaikbali #kelaskaryawanbali,mantapkerenkampusswastarekomendeddibalinihyukmasyarakatbalitingkatkanjejangpendidikanandadipolnasdenpasarpolnasdenpasarbalikampusbalikampusdenpasarkampuskotadenpasarkotadenpasarturisbaliwisatawanbalikampusterbaikbalikelaskaryawanbali
@edunitas mantap keren kampus swasta rekomended dibali nih yuk masyarakat bali tingkatkan jejang pendidikan anda di POLNAS DENPASAR #Polnas #Denpasar #Bali #kampusbali #kampusdenpasar #kampuskotadenpasar #kotadenpasar #turisbali #wisatawanbali #kampusterbaikbali #kelaskaryawanbali,edunitasmantapkerenkampusswastarekomendeddibalinihyukmasyarakatbalitingkatkanjejangpendidikanandadipolnasdenpasarpolnasdenpasarbalikampusbalikampusdenpasarkampuskotadenpasarkotadenpasarturisbaliwisatawanbalikampusterbaikbalikelaskaryawanbali
Menpar: Kunjungan Wisatawan ke Bali Kembali Normal https://t.co/FhwTaIpLoc #Menpar #WisatawanBali #AriefYahya,menparkunjunganwisatawankebalikembalinormalhttpstcofhwtaiplocmenparwisatawanbaliariefyahya
